rouge1,rouge2,rougeL,rougeLsum
0.02388373388467195,0.0,0.023862626065828146,0.02336375933130074
