rouge1,rouge2,rougeL,rougeLsum
0.02389590649871214,0.0,0.024237993228090966,0.023622118214447402
